User,Articles Matched,Avg. Similarity,Max Similarity,Std Dev of Similarity,Similarity Lift,Diversity Score
Alex Parker,45,0.36651234825452167,0.5981836318969727,0.07150004787506255,2.7341620760484586,0.24861797069462788
Priya Sharma,43,0.3448672544124515,0.5213221311569214,0.05474382163817949,2.61973095830817,0.24850195843156664
David Martinez,16,0.33997904881834984,0.5517400503158569,0.07897922130806535,3.888276503664365,0.26534641518568
Lisa Thompson,16,0.32699229940772057,0.47871318459510803,0.049704033832461345,3.649786937942673,0.23239254561873773
Marco Rossi,13,0.30694870536143964,0.37289515137672424,0.03192847114265517,3.422714906581092,0.17301560387922785
